<archive xmlns="http://rs.tdwg.org/dwc/text/">
  <core encoding="UTF-8" fieldsTerminatedBy="\t" linesTerminatedBy="\n" fieldsEnclosedBy='' ignoreHeaderLines="0" 
   rowType="http://rs.tdwg.org/dwc/terms/Taxon">
    <files>
      <location>IF2.txt</location>
    </files>
    <id index="0"/>
    <field index="1" term="http://purl.org/dc/terms/modified"/>
    <field index="2" term="http://rs.tdwg.org/dwc/terms/kingdom"/>
    <field index="3" term="http://rs.tdwg.org/dwc/terms/scientificName"/>
    <field index="4" term="http://rs.tdwg.org/dwc/terms/taxonRank"/>
    <field index="11" term="http://purl.org/dc/terms/source"/>
  </core>
  
  <extension encoding="UTF-8" fieldsTerminatedBy="\t" linesTerminatedBy="\n" fieldsEnclosedBy='' ignoreHeaderLines="0" rowType="http://rs.tdwg.org/dwc/terms/Taxon">
    <files>
      <location>lsid.txt</location>
    </files>
    <coreid index="0"/>
    <field index="1" term="http://purl.org/dc/terms/source"/>
  </extension>
</archive>
