<?xml version='1.0' encoding='utf-8'?>
<archive xmlns="http://rs.tdwg.org/dwc/text/">
  <core encoding="UTF-8" fieldsTerminatedBy="\t" linesTerminatedBy="\n" fieldsEnclosedBy='' ignoreHeaderLines="1" rowType="http://rs.tdwg.org/dwc/terms/DarwinCore">
    <files>
      <location>DarwinCore.txt</location>
    </files>
    <id index="0"/>
    <field index="1" term="http://purl.org/dc/terms/source"/>
    <field index="2" term="http://rs.tdwg.org/dwc/terms/ScientificName"/>
    <field index="3" term="http://rs.tdwg.org/dwc/terms/HigherTaxonID"/>
    <field index="4" term="http://rs.tdwg.org/dwc/terms/TaxonRank"/>
    <field index="5" term="http://rs.tdwg.org/dwc/terms/NomenclaturalCode"/>
    <field index="6" term="http://rs.tdwg.org/dwc/terms/TaxonomicStatus"/>
    <field index="7" term="http://rs.tdwg.org/dwc/terms/AcceptedTaxonID"/>
  </core>
</archive>
